,CUR_DELETE,WRITE,READ,CU_USER_ID,CR_RESP_ID,USER_RESP_DESC,USER_RESP_ID,UPDATE_SOURCE,CREATED_BY,RECORD_STATUS,LAST_UPDATED_BY,LAST_UPDATE_DATE,CREATION_DATE,DELETE_FLAG
0,Y,Y,Y,69,20,None,531,API,29.0,I,29.0,2019-06-24 10:02:10,2019-06-24 10:02:10,None
1,Y,Y,Y,70,20,None,532,API,29.0,I,29.0,2019-06-24 10:02:32,2019-06-24 10:02:32,None
2,Y,Y,Y,10,25,None,576,API,29.0,I,29.0,2020-08-04 18:10:55,2020-08-04 18:10:55,None
3,Y,Y,Y,10,7,None,577,API,2.0,I,2.0,2020-08-04 18:10:55,2020-08-04 18:10:55,None
4,Y,Y,Y,10,5,None,578,API,2.0,I,2.0,2020-08-04 18:10:55,2020-08-04 18:10:55,None
5,Y,Y,Y,10,6,None,579,API,2.0,I,2.0,2020-08-04 18:10:55,2020-08-04 18:10:55,None
6,Y,Y,Y,10,3,None,580,API,2.0,I,2.0,2020-08-04 18:10:55,2020-08-04 18:10:55,None
7,Y,Y,Y,10,4,None,581,API,2.0,I,2.0,2020-08-04 18:10:55,2020-08-04 18:10:55,None
8,Y,Y,Y,10,2,None,582,API,2.0,I,2.0,2020-08-04 18:10:55,2020-08-04 18:10:55,None
9,Y,Y,Y,10,9,None,583,API,2.0,I,2.0,2020-08-04 18:10:55,2020-08-04 18:10:55,None
10,Y,Y,Y,10,10,None,584,API,2.0,I,2.0,2020-08-04 18:10:55,2020-08-04 18:10:55,None
11,Y,Y,Y,10,20,None,585,API,29.0,I,29.0,2020-08-04 18:10:55,2020-08-04 18:10:55,None
12,Y,Y,Y,75,20,None,586,API,29.0,I,29.0,2020-08-04 18:11:55,2020-08-04 18:11:55,None
13,Y,Y,Y,16,13,None,371,None,7.0,I,7.0,2015-03-19 08:06:59,2015-03-19 08:06:59,None
14,Y,Y,Y,16,12,None,372,None,7.0,I,7.0,2015-03-19 08:06:59,2015-03-19 08:06:59,None
15,Y,Y,Y,16,14,None,373,None,7.0,I,7.0,2015-03-19 08:06:59,2015-03-19 08:06:59,None
16,Y,Y,Y,16,2,None,374,None,7.0,I,7.0,2015-03-19 08:06:59,2015-03-19 08:06:59,None
17,Y,Y,Y,16,5,None,375,None,7.0,I,7.0,2015-03-19 08:12:05,2015-03-19 08:12:05,None
18,Y,Y,Y,40,5,None,390,API,2.0,I,2.0,2015-10-06 11:13:10,2015-10-06 11:13:10,None
19,Y,Y,Y,40,4,None,391,API,5.0,I,5.0,2015-10-06 11:13:10,2015-10-06 11:13:10,None
20,Y,Y,Y,40,7,None,392,API,5.0,I,5.0,2015-10-06 11:13:10,2015-10-06 11:13:10,None
21,Y,Y,Y,40,6,None,393,API,2.0,I,2.0,2015-10-06 11:13:10,2015-10-06 11:13:10,None
22,Y,Y,Y,40,3,None,394,API,2.0,I,2.0,2015-10-06 11:13:10,2015-10-06 11:13:10,None
23,Y,Y,Y,40,9,None,395,API,2.0,I,2.0,2015-10-06 11:13:10,2015-10-06 11:13:10,None
24,Y,Y,Y,40,13,None,396,API,2.0,I,2.0,2015-10-06 11:13:10,2015-10-06 11:13:10,None
25,Y,Y,Y,40,12,None,397,API,2.0,I,2.0,2015-10-06 11:13:10,2015-10-06 11:13:10,None
26,Y,Y,Y,40,14,None,398,API,2.0,I,2.0,2015-10-06 11:13:10,2015-10-06 11:13:10,None
27,Y,Y,Y,40,2,None,399,API,2.0,I,2.0,2015-10-06 11:13:10,2015-10-06 11:13:10,None
28,Y,Y,Y,40,20,None,400,API,29.0,I,29.0,2015-10-06 11:13:10,2015-10-06 11:13:10,None
29,Y,Y,Y,55,7,None,401,API,2.0,I,2.0,2016-01-04 08:44:00,2016-01-04 08:44:00,None
30,Y,Y,Y,55,5,None,402,API,2.0,I,2.0,2016-01-04 08:44:00,2016-01-04 08:44:00,None
31,Y,Y,Y,55,6,None,403,API,2.0,I,2.0,2016-01-04 08:44:00,2016-01-04 08:44:00,None
32,Y,Y,Y,55,3,None,404,API,2.0,I,2.0,2016-01-04 08:44:00,2016-01-04 08:44:00,None
33,Y,Y,Y,55,4,None,405,API,2.0,I,2.0,2016-01-04 08:44:00,2016-01-04 08:44:00,None
34,Y,Y,Y,55,2,None,406,API,2.0,I,2.0,2016-01-04 08:44:00,2016-01-04 08:44:00,None
35,Y,Y,Y,55,9,None,407,API,2.0,I,2.0,2016-01-04 08:44:00,2016-01-04 08:44:00,None
36,Y,Y,Y,27,7,None,430,API,2.0,I,2.0,2016-09-19 14:09:44,2016-09-19 14:09:44,None
37,Y,Y,Y,55,20,None,409,API,29.0,I,29.0,2016-01-04 08:44:00,2016-01-04 08:44:00,None
38,Y,Y,Y,29,25,None,425,None,29.0,I,29.0,2016-05-14 16:32:19,2016-05-14 16:32:19,None
39,Y,Y,Y,20,25,None,426,None,29.0,I,29.0,2016-05-14 16:32:31,2016-05-14 16:32:31,None
40,Y,Y,Y,27,5,None,431,API,2.0,I,2.0,2016-09-19 14:09:44,2016-09-19 14:09:44,None
41,Y,Y,Y,27,6,None,432,API,2.0,I,2.0,2016-09-19 14:09:44,2016-09-19 14:09:44,None
42,Y,Y,Y,27,3,None,433,API,2.0,I,2.0,2016-09-19 14:09:44,2016-09-19 14:09:44,None
43,Y,Y,Y,27,4,None,434,API,2.0,I,2.0,2016-09-19 14:09:44,2016-09-19 14:09:44,None
44,Y,Y,Y,18,5,None,516,API,2.0,I,2.0,2018-10-05 13:22:03,2018-10-05 13:22:03,None
45,Y,Y,Y,18,6,None,517,API,2.0,I,2.0,2018-10-05 13:22:03,2018-10-05 13:22:03,None
46,Y,Y,Y,27,20,None,437,API,29.0,I,29.0,2016-09-19 14:09:44,2016-09-19 14:09:44,None
47,Y,Y,Y,27,23,None,438,API,29.0,I,29.0,2016-09-19 14:09:44,2016-09-19 14:09:44,None
48,Y,Y,Y,18,7,None,515,API,2.0,I,2.0,2018-10-05 13:22:03,2018-10-05 13:22:03,None
49,Y,Y,Y,18,3,None,518,API,2.0,I,2.0,2018-10-05 13:22:03,2018-10-05 13:22:03,None
50,Y,Y,Y,18,4,None,519,API,2.0,I,2.0,2018-10-05 13:22:03,2018-10-05 13:22:03,None
51,Y,Y,Y,18,2,None,520,API,2.0,I,2.0,2018-10-05 13:22:03,2018-10-05 13:22:03,None
52,Y,Y,Y,18,9,None,521,API,2.0,I,2.0,2018-10-05 13:22:03,2018-10-05 13:22:03,None
53,Y,Y,Y,18,10,None,522,API,2.0,I,2.0,2018-10-05 13:22:03,2018-10-05 13:22:03,None
54,Y,Y,Y,18,20,None,523,API,29.0,I,29.0,2018-10-05 13:22:03,2018-10-05 13:22:03,None
55,Y,Y,Y,56,5,None,412,API,2.0,I,2.0,2016-04-20 12:53:39,2016-04-20 12:53:39,None
56,Y,Y,Y,56,4,None,413,API,5.0,I,5.0,2016-04-20 12:53:39,2016-04-20 12:53:39,None
57,Y,Y,Y,56,7,None,414,API,5.0,I,5.0,2016-04-20 12:53:39,2016-04-20 12:53:39,None
58,Y,Y,Y,56,6,None,415,API,2.0,I,2.0,2016-04-20 12:53:39,2016-04-20 12:53:39,None
59,Y,Y,Y,56,3,None,416,API,2.0,I,2.0,2016-04-20 12:53:39,2016-04-20 12:53:39,None
60,Y,Y,Y,56,9,None,417,API,2.0,I,2.0,2016-04-20 12:53:39,2016-04-20 12:53:39,None
61,Y,Y,Y,56,13,None,418,API,2.0,I,2.0,2016-04-20 12:53:39,2016-04-20 12:53:39,None
62,Y,Y,Y,56,12,None,419,API,2.0,I,2.0,2016-04-20 12:53:39,2016-04-20 12:53:39,None
63,Y,Y,Y,56,14,None,420,API,2.0,I,2.0,2016-04-20 12:53:39,2016-04-20 12:53:39,None
64,Y,Y,Y,56,2,None,421,API,2.0,I,2.0,2016-04-20 12:53:39,2016-04-20 12:53:39,None
65,Y,Y,Y,56,20,None,422,API,29.0,I,29.0,2016-04-20 12:53:39,2016-04-20 12:53:39,None
66,Y,Y,Y,56,18,None,423,API,2.0,I,2.0,2016-04-20 12:53:39,2016-04-20 12:53:39,None
67,Y,Y,Y,56,23,None,424,API,29.0,I,29.0,2016-04-20 12:53:39,2016-04-20 12:53:39,None
68,Y,Y,Y,73,20,None,547,None,5.0,I,5.0,2019-09-10 16:21:40,2019-09-10 16:21:40,None
69,Y,Y,Y,68,20,None,530,API,29.0,I,29.0,2019-06-18 09:50:55,2019-06-18 09:50:55,None
70,Y,Y,Y,74,20,None,546,None,5.0,I,5.0,2019-09-10 16:21:01,2019-09-10 16:21:01,None
71,Y,Y,Y,56,7,None,548,None,5.0,I,5.0,2019-09-10 16:26:22,2019-09-10 16:26:22,None
72,Y,Y,Y,66,18,None,549,API,2.0,I,2.0,2019-09-30 11:37:52,2019-09-30 11:37:52,None
73,Y,Y,Y,48,18,None,280,API,2.0,I,2.0,2011-11-23 11:51:41,2011-11-23 11:51:41,None
74,Y,Y,Y,51,20,None,524,None,5.0,I,5.0,2019-01-07 15:46:40,2019-01-07 15:46:40,None
75,Y,Y,Y,24,18,None,132,API,2.0,I,2.0,2011-01-07 11:28:23,2011-01-07 11:28:23,None
76,Y,Y,Y,24,13,None,133,API,2.0,I,2.0,2011-01-07 11:28:23,2011-01-07 11:28:23,None
77,Y,Y,Y,24,12,None,134,API,2.0,I,2.0,2011-01-07 11:28:23,2011-01-07 11:28:23,None
78,Y,Y,Y,24,14,None,135,API,2.0,I,2.0,2011-01-07 11:28:23,2011-01-07 11:28:23,None
79,Y,Y,Y,24,2,None,136,API,2.0,I,2.0,2011-01-07 11:28:23,2011-01-07 11:28:23,None
80,Y,Y,Y,66,13,None,550,API,2.0,I,2.0,2019-09-30 11:37:52,2019-09-30 11:37:52,None
81,Y,Y,Y,48,13,None,281,API,2.0,I,2.0,2011-11-23 11:51:41,2011-11-23 11:51:41,None
82,Y,Y,Y,48,12,None,282,API,2.0,I,2.0,2011-11-23 11:51:41,2011-11-23 11:51:41,None
83,Y,Y,Y,48,14,None,283,API,2.0,I,2.0,2011-11-23 11:51:41,2011-11-23 11:51:41,None
84,Y,Y,Y,48,2,None,284,API,2.0,I,2.0,2011-11-23 11:51:41,2011-11-23 11:51:41,None
85,Y,Y,Y,48,20,None,285,API,29.0,U,5.0,2019-04-21 14:23:19,2011-11-23 11:51:41,None
86,Y,Y,Y,48,4,None,286,API,5.0,I,5.0,2011-11-23 11:51:41,2011-11-23 11:51:41,None
87,Y,Y,Y,66,12,None,551,API,2.0,I,2.0,2019-09-30 11:37:52,2019-09-30 11:37:52,None
88,Y,Y,Y,66,14,None,552,API,2.0,I,2.0,2019-09-30 11:37:52,2019-09-30 11:37:52,None
89,Y,Y,Y,66,2,None,553,API,2.0,I,2.0,2019-09-30 11:37:52,2019-09-30 11:37:52,None
90,Y,Y,Y,66,23,None,554,API,29.0,I,29.0,2019-09-30 11:37:52,2019-09-30 11:37:52,None
91,Y,Y,Y,55,25,None,573,None,29.0,I,29.0,2020-06-18 15:04:14,2020-06-18 15:04:14,None
92,Y,Y,Y,72,25,None,574,None,29.0,I,29.0,2020-07-22 13:44:29,2020-07-22 13:44:29,None
93,Y,Y,Y,5,25,None,575,None,29.0,I,29.0,2020-07-22 13:44:51,2020-07-22 13:44:51,None
94,Y,Y,Y,17,7,None,325,API,2.0,I,2.0,2013-01-24 13:31:49,2013-01-24 13:31:49,None
95,Y,Y,Y,17,5,None,326,API,2.0,I,2.0,2013-01-24 13:31:49,2013-01-24 13:31:49,None
96,Y,Y,Y,17,6,None,327,API,2.0,I,2.0,2013-01-24 13:31:49,2013-01-24 13:31:49,None
97,Y,Y,Y,17,3,None,328,API,2.0,I,2.0,2013-01-24 13:31:49,2013-01-24 13:31:49,None
98,Y,Y,Y,17,4,None,329,API,2.0,I,2.0,2013-01-24 13:31:49,2013-01-24 13:31:49,None
99,Y,Y,Y,17,9,None,330,API,2.0,I,2.0,2013-01-24 13:31:49,2013-01-24 13:31:49,None
100,Y,Y,Y,17,10,None,331,API,2.0,I,2.0,2013-01-24 13:31:49,2013-01-24 13:31:49,None
101,Y,Y,Y,17,20,None,332,API,29.0,I,29.0,2013-01-24 13:31:49,2013-01-24 13:31:49,None
102,Y,Y,Y,1,10,None,1,API,nan,I,nan,2009-12-28 14:25:57,2009-12-28 14:25:57,None
103,Y,Y,Y,1,9,None,2,API,nan,I,nan,2009-12-28 14:25:57,2009-12-28 14:25:57,None
104,Y,Y,Y,2,7,None,3,None,1.0,I,1.0,2009-12-28 16:33:29,2009-12-28 16:33:29,None
105,Y,Y,Y,2,5,None,4,None,1.0,I,1.0,2009-12-28 16:33:29,2009-12-28 16:33:29,None
106,Y,Y,Y,2,6,None,5,None,1.0,I,1.0,2009-12-28 16:33:29,2009-12-28 16:33:29,None
107,Y,Y,Y,2,2,None,6,None,1.0,I,1.0,2009-12-28 16:33:29,2009-12-28 16:33:29,None
108,Y,Y,Y,2,4,None,7,None,1.0,I,1.0,2009-12-28 16:33:29,2009-12-28 16:33:29,None
109,Y,Y,Y,2,1,None,8,None,1.0,I,1.0,2009-12-28 16:33:29,2009-12-28 16:33:29,None
110,Y,Y,Y,2,10,None,9,None,1.0,I,1.0,2009-12-28 16:33:29,2009-12-28 16:33:29,None
111,Y,Y,Y,2,9,None,10,None,1.0,I,1.0,2009-12-28 16:33:29,2009-12-28 16:33:29,None
112,Y,Y,Y,2,3,None,11,None,1.0,I,1.0,2009-12-28 16:33:29,2009-12-28 16:33:29,None
113,Y,Y,Y,27,19,None,154,None,5.0,I,5.0,2011-03-25 09:14:40,2011-03-25 09:14:40,None
114,Y,Y,Y,5,7,None,21,None,2.0,I,2.0,2010-11-28 18:40:39,2010-11-28 18:40:39,None
115,Y,Y,Y,5,5,None,22,None,2.0,I,2.0,2010-11-28 18:40:39,2010-11-28 18:40:39,None
116,Y,Y,Y,5,6,None,23,None,2.0,I,2.0,2010-11-28 18:40:39,2010-11-28 18:40:39,None
117,Y,Y,Y,5,3,None,24,None,2.0,I,2.0,2010-11-28 18:40:39,2010-11-28 18:40:39,None
118,Y,Y,Y,5,4,None,25,None,2.0,I,2.0,2010-11-28 18:40:39,2010-11-28 18:40:39,None
119,Y,Y,Y,5,2,None,26,None,2.0,I,2.0,2010-11-28 18:40:39,2010-11-28 18:40:39,None
120,Y,Y,Y,5,9,None,27,None,2.0,I,2.0,2010-11-28 18:40:39,2010-11-28 18:40:39,None
121,Y,Y,Y,5,10,None,28,None,2.0,I,2.0,2010-11-28 18:40:39,2010-11-28 18:40:39,None
122,Y,Y,Y,8,7,None,37,API,2.0,I,2.0,2010-11-28 18:41:10,2010-11-28 18:41:10,None
123,Y,Y,Y,8,5,None,38,API,2.0,I,2.0,2010-11-28 18:41:10,2010-11-28 18:41:10,None
124,Y,Y,Y,8,6,None,39,API,2.0,I,2.0,2010-11-28 18:41:10,2010-11-28 18:41:10,None
125,Y,Y,Y,8,3,None,40,API,2.0,I,2.0,2010-11-28 18:41:10,2010-11-28 18:41:10,None
126,Y,Y,Y,8,4,None,41,API,2.0,I,2.0,2010-11-28 18:41:10,2010-11-28 18:41:10,None
127,Y,Y,Y,8,2,None,42,API,2.0,I,2.0,2010-11-28 18:41:10,2010-11-28 18:41:10,None
128,Y,Y,Y,8,9,None,43,API,2.0,I,2.0,2010-11-28 18:41:10,2010-11-28 18:41:10,None
129,Y,Y,Y,8,10,None,44,API,2.0,I,2.0,2010-11-28 18:41:10,2010-11-28 18:41:10,None
130,Y,Y,Y,20,18,None,63,API,2.0,I,2.0,2010-11-28 19:08:44,2010-11-28 19:08:44,None
131,Y,Y,Y,20,13,None,64,API,2.0,U,2.0,2012-03-26 16:11:09,2010-11-28 19:08:44,None
132,Y,Y,Y,20,12,None,65,API,2.0,U,2.0,2012-03-26 16:11:09,2010-11-28 19:08:44,None
133,Y,Y,Y,20,14,None,66,API,2.0,U,2.0,2012-03-26 16:11:09,2010-11-28 19:08:44,None
134,Y,Y,Y,20,2,None,67,API,2.0,U,2.0,2018-05-11 16:11:57,2010-11-28 19:08:44,None
135,Y,Y,Y,13,5,None,68,API,2.0,U,5.0,2011-09-29 08:05:14,2010-11-28 19:08:49,None
136,Y,Y,Y,13,13,None,69,API,2.0,I,2.0,2010-11-28 19:08:49,2010-11-28 19:08:49,None
137,Y,Y,Y,13,12,None,70,API,2.0,I,2.0,2010-11-28 19:08:49,2010-11-28 19:08:49,None
138,Y,Y,Y,13,14,None,71,API,2.0,I,2.0,2010-11-28 19:08:49,2010-11-28 19:08:49,None
139,Y,Y,Y,13,2,None,72,API,2.0,I,2.0,2010-11-28 19:08:49,2010-11-28 19:08:49,None
140,Y,Y,Y,65,20,None,527,API,29.0,I,29.0,2019-06-07 13:22:35,2019-06-07 13:22:35,None
141,Y,Y,Y,66,20,None,528,API,29.0,I,29.0,2019-06-07 14:02:45,2019-06-07 14:02:45,None
142,Y,Y,Y,64,20,None,526,API,29.0,I,29.0,2019-06-06 23:19:09,2019-06-06 23:19:09,None
143,N,N,Y,67,21,None,529,API,5.0,I,5.0,2019-06-10 15:02:50,2019-06-10 15:02:50,None
144,Y,Y,Y,72,5,None,533,API,2.0,I,2.0,2019-08-29 10:51:32,2019-08-29 10:51:32,None
145,Y,Y,Y,72,4,None,534,API,5.0,I,5.0,2019-08-29 10:51:32,2019-08-29 10:51:32,None
146,Y,Y,Y,72,7,None,535,API,5.0,I,5.0,2019-08-29 10:51:32,2019-08-29 10:51:32,None
147,Y,Y,Y,72,6,None,536,API,2.0,I,2.0,2019-08-29 10:51:32,2019-08-29 10:51:32,None
148,Y,Y,Y,72,3,None,537,API,2.0,I,2.0,2019-08-29 10:51:32,2019-08-29 10:51:32,None
149,Y,Y,Y,14,18,None,93,API,2.0,I,2.0,2010-11-28 19:09:28,2010-11-28 19:09:28,None
150,Y,Y,Y,14,13,None,94,API,2.0,I,2.0,2010-11-28 19:09:28,2010-11-28 19:09:28,None
151,Y,Y,Y,14,12,None,95,API,2.0,I,2.0,2010-11-28 19:09:28,2010-11-28 19:09:28,None
152,Y,Y,Y,14,14,None,96,API,2.0,I,2.0,2010-11-28 19:09:28,2010-11-28 19:09:28,None
153,Y,Y,Y,14,2,None,97,API,2.0,I,2.0,2010-11-28 19:09:28,2010-11-28 19:09:28,None
154,Y,Y,Y,72,9,None,538,API,2.0,I,2.0,2019-08-29 10:51:32,2019-08-29 10:51:32,None
155,Y,Y,Y,72,13,None,539,API,2.0,I,2.0,2019-08-29 10:51:32,2019-08-29 10:51:32,None
156,Y,Y,Y,72,12,None,540,API,2.0,I,2.0,2019-08-29 10:51:32,2019-08-29 10:51:32,None
157,Y,Y,Y,72,14,None,541,API,2.0,I,2.0,2019-08-29 10:51:32,2019-08-29 10:51:32,None
158,Y,Y,Y,72,2,None,542,API,2.0,I,2.0,2019-08-29 10:51:32,2019-08-29 10:51:32,None
159,Y,Y,Y,17,18,None,103,API,2.0,I,2.0,2010-11-28 19:09:42,2010-11-28 19:09:42,None
160,Y,Y,Y,17,13,None,104,API,2.0,I,2.0,2010-11-28 19:09:42,2010-11-28 19:09:42,None
161,Y,Y,Y,17,12,None,105,API,2.0,I,2.0,2010-11-28 19:09:42,2010-11-28 19:09:42,None
162,Y,Y,Y,17,14,None,106,API,2.0,I,2.0,2010-11-28 19:09:42,2010-11-28 19:09:42,None
163,Y,Y,Y,17,2,None,107,API,2.0,U,2.0,2013-01-24 13:31:49,2010-11-28 19:09:42,None
164,Y,Y,Y,72,20,None,543,API,29.0,I,29.0,2019-08-29 10:51:32,2019-08-29 10:51:32,None
165,Y,Y,Y,72,18,None,544,API,2.0,I,2.0,2019-08-29 10:51:32,2019-08-29 10:51:32,None
166,Y,Y,Y,72,23,None,545,API,29.0,I,29.0,2019-08-29 10:51:32,2019-08-29 10:51:32,None
167,Y,Y,Y,16,18,None,113,API,2.0,I,2.0,2010-11-28 19:09:55,2010-11-28 19:09:55,None
168,Y,Y,Y,29,7,None,155,API,1.0,I,1.0,2011-03-30 14:33:02,2011-03-30 14:33:02,None
169,Y,Y,Y,29,5,None,156,API,1.0,I,1.0,2011-03-30 14:33:02,2011-03-30 14:33:02,None
170,Y,Y,Y,29,6,None,157,API,1.0,I,1.0,2011-03-30 14:33:02,2011-03-30 14:33:02,None
171,Y,Y,Y,29,2,None,158,API,1.0,I,1.0,2011-03-30 14:33:02,2011-03-30 14:33:02,None
172,Y,Y,Y,29,4,None,159,API,1.0,I,1.0,2011-03-30 14:33:02,2011-03-30 14:33:02,None
173,Y,Y,Y,29,1,None,160,API,1.0,I,1.0,2011-03-30 14:33:02,2011-03-30 14:33:02,None
174,Y,Y,Y,29,10,None,161,API,1.0,I,1.0,2011-03-30 14:33:02,2011-03-30 14:33:02,None
175,Y,Y,Y,29,9,None,162,API,1.0,I,1.0,2011-03-30 14:33:02,2011-03-30 14:33:02,None
176,Y,Y,Y,29,3,None,163,API,1.0,I,1.0,2011-03-30 14:33:02,2011-03-30 14:33:02,None
177,Y,Y,Y,40,18,None,232,API,2.0,U,2.0,2015-10-06 11:13:10,2011-09-29 08:00:52,None
178,Y,Y,Y,40,23,None,237,API,29.0,U,29.0,2012-07-14 16:07:20,2011-09-29 08:00:52,None
179,Y,Y,Y,42,5,None,244,API,2.0,U,5.0,2011-09-29 08:05:25,2011-09-29 08:04:05,None
180,Y,Y,Y,42,13,None,245,API,2.0,I,2.0,2011-09-29 08:04:05,2011-09-29 08:04:05,None
181,Y,Y,Y,42,12,None,246,API,2.0,I,2.0,2011-09-29 08:04:05,2011-09-29 08:04:05,None
182,Y,Y,Y,42,14,None,247,API,2.0,I,2.0,2011-09-29 08:04:05,2011-09-29 08:04:05,None
183,Y,Y,Y,42,2,None,248,API,2.0,I,2.0,2011-09-29 08:04:05,2011-09-29 08:04:05,None
184,Y,Y,Y,42,20,None,249,API,29.0,U,5.0,2016-03-10 11:53:31,2011-09-29 08:04:05,None
185,Y,Y,Y,43,21,None,254,None,5.0,I,5.0,2011-10-18 13:53:46,2011-10-18 13:53:46,None
186,Y,Y,Y,27,21,None,256,None,5.0,I,5.0,2011-10-18 13:58:36,2011-10-18 13:58:36,None
187,N,N,Y,44,21,None,257,None,5.0,U,5.0,2011-11-08 15:42:26,2011-10-18 14:00:26,None
188,Y,Y,Y,27,18,None,148,API,2.0,U,2.0,2016-09-19 14:09:44,2011-03-23 10:50:01,None
189,Y,Y,Y,27,13,None,149,API,2.0,U,2.0,2016-09-19 14:09:44,2011-03-23 10:50:01,None
190,Y,Y,Y,27,12,None,150,API,2.0,U,2.0,2016-09-19 14:09:44,2011-03-23 10:50:01,None
191,Y,Y,Y,27,14,None,151,API,2.0,U,2.0,2016-09-19 14:09:44,2011-03-23 10:50:01,None
192,Y,Y,Y,27,2,None,152,API,2.0,U,2.0,2016-09-19 14:09:44,2011-03-23 10:50:01,None
193,Y,Y,Y,29,20,None,168,None,29.0,I,29.0,2011-06-25 10:48:23,2011-06-25 10:48:23,None
194,Y,Y,Y,34,20,None,169,None,29.0,I,29.0,2011-06-25 10:48:33,2011-06-25 10:48:33,None
195,Y,Y,Y,5,20,None,170,None,29.0,I,29.0,2011-06-25 10:48:55,2011-06-25 10:48:55,None
196,Y,Y,Y,32,20,None,171,None,29.0,I,29.0,2011-06-25 10:49:02,2011-06-25 10:49:02,None
197,Y,Y,Y,20,23,None,175,API,29.0,U,29.0,2012-07-14 16:07:28,2011-06-25 15:38:20,None
198,Y,Y,Y,13,20,None,176,None,29.0,U,5.0,2016-03-10 11:53:10,2011-06-25 15:38:29,None
199,Y,Y,Y,14,23,None,181,None,29.0,U,29.0,2012-07-14 16:09:47,2011-06-25 15:40:19,None
200,Y,Y,Y,17,23,None,182,None,29.0,U,29.0,2012-07-14 16:10:02,2011-06-25 15:41:01,None
201,Y,Y,Y,16,20,None,184,None,29.0,I,29.0,2011-06-25 15:41:23,2011-06-25 15:41:23,None
202,Y,Y,Y,24,4,None,194,None,7.0,I,7.0,2011-09-10 16:53:41,2011-09-10 16:53:41,None
203,Y,Y,Y,51,7,None,315,API,2.0,I,2.0,2013-01-15 09:38:15,2013-01-15 09:38:15,None
204,Y,Y,Y,51,5,None,316,API,2.0,I,2.0,2013-01-15 09:38:15,2013-01-15 09:38:15,None
205,Y,Y,Y,51,13,None,318,API,2.0,I,2.0,2013-01-15 09:38:15,2013-01-15 09:38:15,None
206,Y,Y,Y,51,12,None,319,API,2.0,I,2.0,2013-01-15 09:38:15,2013-01-15 09:38:15,None
207,Y,Y,Y,51,14,None,320,API,2.0,I,2.0,2013-01-15 09:38:15,2013-01-15 09:38:15,None
208,Y,Y,Y,51,2,None,321,API,2.0,I,2.0,2013-01-15 09:38:15,2013-01-15 09:38:15,None
209,Y,Y,Y,51,4,None,322,API,2.0,I,2.0,2013-01-15 09:38:15,2013-01-15 09:38:15,None
210,Y,Y,Y,51,6,None,323,API,7.0,I,7.0,2013-01-15 09:38:15,2013-01-15 09:38:15,None
211,Y,Y,Y,20,4,None,356,API,7.0,U,7.0,2018-05-11 16:11:57,2014-04-16 12:30:58,None
212,Y,Y,Y,25,18,None,137,API,2.0,I,2.0,2011-02-01 11:05:51,2011-02-01 11:05:51,None
213,Y,Y,Y,25,13,None,138,API,2.0,I,2.0,2011-02-01 11:05:51,2011-02-01 11:05:51,None
214,Y,Y,Y,25,12,None,139,API,2.0,I,2.0,2011-02-01 11:05:51,2011-02-01 11:05:51,None
215,Y,Y,Y,25,14,None,140,API,2.0,I,2.0,2011-02-01 11:05:51,2011-02-01 11:05:51,None
216,Y,Y,Y,25,2,None,141,API,2.0,I,2.0,2011-02-01 11:05:51,2011-02-01 11:05:51,None
217,Y,Y,Y,25,23,None,210,None,5.0,U,29.0,2012-07-14 16:08:24,2011-09-20 10:24:40,None
218,Y,Y,Y,8,20,None,250,None,5.0,I,5.0,2011-10-08 21:27:45,2011-10-08 21:27:45,None
219,Y,Y,Y,49,7,None,506,API,2.0,I,2.0,2018-07-13 15:09:21,2018-07-13 15:09:21,None
220,Y,Y,Y,49,5,None,507,API,2.0,I,2.0,2018-07-13 15:09:21,2018-07-13 15:09:21,None
221,Y,Y,Y,49,6,None,508,API,2.0,I,2.0,2018-07-13 15:09:21,2018-07-13 15:09:21,None
222,Y,Y,Y,49,3,None,509,API,2.0,I,2.0,2018-07-13 15:09:21,2018-07-13 15:09:21,None
223,Y,Y,Y,49,4,None,510,API,2.0,I,2.0,2018-07-13 15:09:21,2018-07-13 15:09:21,None
224,Y,Y,Y,49,2,None,511,API,2.0,I,2.0,2018-07-13 15:09:21,2018-07-13 15:09:21,None
225,Y,Y,Y,20,5,None,302,API,2.0,U,5.0,2018-05-11 16:11:57,2012-03-26 16:11:09,None
226,Y,Y,Y,43,6,None,333,None,5.0,I,5.0,2013-03-10 16:23:18,2013-03-10 16:23:18,None
227,Y,Y,Y,43,5,None,411,None,5.0,I,5.0,2016-04-20 05:21:49,2016-04-20 05:21:49,None
228,Y,Y,Y,43,4,None,410,None,5.0,I,5.0,2016-04-20 05:21:49,2016-04-20 05:21:49,None
229,Y,Y,Y,24,21,None,439,None,5.0,I,5.0,2016-10-03 11:09:44,2016-10-03 11:09:44,None
230,Y,Y,Y,57,7,None,440,API,2.0,I,2.0,2017-01-26 12:16:15,2017-01-26 12:16:15,None
231,Y,Y,Y,57,5,None,441,API,2.0,I,2.0,2017-01-26 12:16:15,2017-01-26 12:16:15,None
232,Y,Y,Y,57,6,None,442,API,2.0,I,2.0,2017-01-26 12:16:15,2017-01-26 12:16:15,None
233,Y,Y,Y,57,3,None,443,API,2.0,I,2.0,2017-01-26 12:16:15,2017-01-26 12:16:15,None
234,Y,Y,Y,57,4,None,444,API,2.0,I,2.0,2017-01-26 12:16:15,2017-01-26 12:16:15,None
235,Y,Y,Y,57,20,None,445,API,29.0,I,29.0,2017-01-26 12:16:15,2017-01-26 12:16:15,None
236,Y,Y,Y,57,23,None,446,API,29.0,I,29.0,2017-01-26 12:16:15,2017-01-26 12:16:15,None
237,Y,Y,Y,57,19,None,447,API,5.0,I,5.0,2017-01-26 12:16:15,2017-01-26 12:16:15,None
238,Y,Y,Y,57,21,None,448,API,5.0,I,5.0,2017-01-26 12:16:15,2017-01-26 12:16:15,None
239,Y,Y,Y,57,18,None,449,API,2.0,I,2.0,2017-01-26 12:16:15,2017-01-26 12:16:15,None
240,Y,Y,Y,57,13,None,450,API,2.0,I,2.0,2017-01-26 12:16:15,2017-01-26 12:16:15,None
241,Y,Y,Y,57,12,None,451,API,2.0,I,2.0,2017-01-26 12:16:15,2017-01-26 12:16:15,None
242,Y,Y,Y,57,14,None,452,API,2.0,I,2.0,2017-01-26 12:16:15,2017-01-26 12:16:15,None
243,Y,Y,Y,57,2,None,453,API,2.0,I,2.0,2017-01-26 12:16:15,2017-01-26 12:16:15,None
244,Y,Y,Y,59,7,None,455,API,2.0,I,2.0,2017-07-03 14:15:37,2017-07-03 14:15:37,None
245,Y,Y,Y,59,5,None,456,API,2.0,I,2.0,2017-07-03 14:15:37,2017-07-03 14:15:37,None
246,Y,Y,Y,59,6,None,457,API,2.0,I,2.0,2017-07-03 14:15:37,2017-07-03 14:15:37,None
247,Y,Y,Y,59,3,None,458,API,2.0,I,2.0,2017-07-03 14:15:37,2017-07-03 14:15:37,None
248,Y,Y,Y,59,4,None,459,API,2.0,I,2.0,2017-07-03 14:15:37,2017-07-03 14:15:37,None
249,Y,Y,Y,59,9,None,460,API,2.0,I,2.0,2017-07-03 14:15:37,2017-07-03 14:15:37,None
250,Y,Y,Y,59,10,None,461,API,2.0,I,2.0,2017-07-03 14:15:37,2017-07-03 14:15:37,None
251,Y,Y,Y,59,20,None,462,API,29.0,I,29.0,2017-07-03 14:15:37,2017-07-03 14:15:37,None
252,Y,Y,Y,59,18,None,463,API,2.0,I,2.0,2017-07-03 14:15:37,2017-07-03 14:15:37,None
253,Y,Y,Y,59,13,None,464,API,2.0,I,2.0,2017-07-03 14:15:37,2017-07-03 14:15:37,None
254,Y,Y,Y,59,12,None,465,API,2.0,I,2.0,2017-07-03 14:15:37,2017-07-03 14:15:37,None
255,Y,Y,Y,59,14,None,466,API,2.0,I,2.0,2017-07-03 14:15:37,2017-07-03 14:15:37,None
256,Y,Y,Y,59,2,None,467,API,2.0,I,2.0,2017-07-03 14:15:37,2017-07-03 14:15:37,None
257,Y,Y,Y,59,23,None,468,API,29.0,I,29.0,2017-07-03 14:15:37,2017-07-03 14:15:37,None
258,Y,Y,Y,60,21,None,470,API,5.0,I,5.0,2017-10-21 05:12:32,2017-10-21 05:12:32,None
259,Y,Y,Y,60,6,None,471,API,5.0,I,5.0,2017-10-21 05:12:32,2017-10-21 05:12:32,None
260,Y,Y,Y,60,5,None,472,API,5.0,I,5.0,2017-10-21 05:12:32,2017-10-21 05:12:32,None
261,Y,Y,Y,60,4,None,473,API,5.0,I,5.0,2017-10-21 05:12:32,2017-10-21 05:12:32,None
262,Y,Y,Y,20,7,None,474,API,2.0,I,2.0,2018-05-11 16:11:57,2018-05-11 16:11:57,None
263,Y,Y,Y,20,6,None,475,API,2.0,I,2.0,2018-05-11 16:11:57,2018-05-11 16:11:57,None
264,Y,Y,Y,20,3,None,476,API,2.0,I,2.0,2018-05-11 16:11:57,2018-05-11 16:11:57,None
265,Y,Y,Y,20,9,None,477,API,2.0,I,2.0,2018-05-11 16:11:57,2018-05-11 16:11:57,None
266,Y,Y,Y,20,10,None,478,API,2.0,I,2.0,2018-05-11 16:11:57,2018-05-11 16:11:57,None
267,Y,Y,Y,20,20,None,479,API,29.0,I,29.0,2018-05-11 16:11:57,2018-05-11 16:11:57,None
268,Y,Y,Y,61,18,None,494,API,2.0,I,2.0,2018-07-13 15:05:24,2018-07-13 15:05:24,None
269,Y,Y,Y,61,13,None,495,API,2.0,I,2.0,2018-07-13 15:05:24,2018-07-13 15:05:24,None
270,Y,Y,Y,61,12,None,496,API,2.0,I,2.0,2018-07-13 15:05:24,2018-07-13 15:05:24,None
271,Y,Y,Y,61,14,None,497,API,2.0,I,2.0,2018-07-13 15:05:24,2018-07-13 15:05:24,None
272,Y,Y,Y,61,2,None,498,API,2.0,I,2.0,2018-07-13 15:05:24,2018-07-13 15:05:24,None
273,Y,Y,Y,61,23,None,499,API,29.0,I,29.0,2018-07-13 15:05:24,2018-07-13 15:05:24,None
274,Y,Y,Y,62,18,None,500,API,2.0,I,2.0,2018-07-13 15:05:52,2018-07-13 15:05:52,None
275,Y,Y,Y,62,13,None,501,API,2.0,I,2.0,2018-07-13 15:05:52,2018-07-13 15:05:52,None
276,Y,Y,Y,62,12,None,502,API,2.0,I,2.0,2018-07-13 15:05:52,2018-07-13 15:05:52,None
277,Y,Y,Y,62,14,None,503,API,2.0,I,2.0,2018-07-13 15:05:52,2018-07-13 15:05:52,None
278,Y,Y,Y,62,2,None,504,API,2.0,I,2.0,2018-07-13 15:05:52,2018-07-13 15:05:52,None
279,Y,Y,Y,49,9,None,512,API,2.0,I,2.0,2018-07-13 15:09:21,2018-07-13 15:09:21,None
280,Y,Y,Y,62,23,None,505,API,29.0,I,29.0,2018-07-13 15:05:52,2018-07-13 15:05:52,None
281,Y,Y,Y,49,10,None,513,API,2.0,I,2.0,2018-07-13 15:09:21,2018-07-13 15:09:21,None
282,Y,Y,Y,49,20,None,514,API,29.0,I,29.0,2018-07-13 15:09:21,2018-07-13 15:09:21,None
283,Y,Y,Y,63,20,None,525,API,29.0,I,29.0,2019-04-21 14:07:09,2019-04-21 14:07:09,None
284,Y,Y,Y,85,4,None,609,API,1.0,I,1.0,2021-01-19 17:32:30,2021-01-19 17:32:30,None
285,Y,Y,Y,85,10,None,610,API,1.0,I,1.0,2021-01-19 17:32:30,2021-01-19 17:32:30,None
286,Y,Y,Y,85,9,None,611,API,1.0,I,1.0,2021-01-19 17:32:30,2021-01-19 17:32:30,None
287,Y,Y,Y,85,20,None,612,API,29.0,I,29.0,2021-01-19 17:32:30,2021-01-19 17:32:30,None
288,Y,Y,Y,84,5,None,613,None,29.0,I,29.0,2021-01-25 12:58:41,2021-01-25 12:58:41,None
289,Y,Y,Y,84,7,None,614,None,29.0,I,29.0,2021-02-15 08:22:30,2021-02-15 08:22:30,None
290,Y,Y,Y,84,6,None,615,None,29.0,I,29.0,2021-02-16 06:01:40,2021-02-16 06:01:40,None
291,Y,Y,Y,84,4,None,603,API,1.0,I,1.0,2021-01-13 12:47:02,2021-01-13 12:47:02,None
292,Y,Y,Y,84,10,None,605,API,1.0,I,1.0,2021-01-13 12:47:02,2021-01-13 12:47:02,None
293,Y,Y,Y,84,9,None,606,API,1.0,I,1.0,2021-01-13 12:47:02,2021-01-13 12:47:02,None
294,Y,Y,Y,84,20,None,608,API,29.0,I,29.0,2021-01-13 12:47:02,2021-01-13 12:47:02,None
